{"cameraMode":{"drawMode":0,"name":"Shaded","section":"Shading Mode"},"sceneLighting":true,"audioPlay":false,"sceneViewState":{"showFog":true,"showMaterialUpdate":true,"showSkybox":true,"showFlares":true,"showImageEffects":true,"showParticleSystems":true},"in2DMode":false,"pivot":{"x":-1.3219223022460938,"y":-59.5736083984375,"z":245.0987548828125},"rotation":{"x":-0.05457473173737526,"y":-0.0014975769445300103,"z":-0.00008012822945602238,"w":0.9985085725784302},"size":630.2133178710938,"orthographic":false}