{"cameraMode":{"drawMode":0,"name":"Shaded","section":"Shading Mode"},"sceneLighting":false,"audioPlay":false,"sceneViewState":{"showFog":true,"showMaterialUpdate":true,"showSkybox":true,"showFlares":true,"showImageEffects":true,"showParticleSystems":true},"in2DMode":false,"pivot":{"x":231.00747680664063,"y":23.22979736328125,"z":200.46063232421876},"rotation":{"x":0.10286356508731842,"y":-0.09298422187566757,"z":-0.009653882123529911,"w":-0.9902928471565247},"size":712.0604858398438,"orthographic":false}