{"cameraMode":{"drawMode":0,"name":"Shaded","section":"Shading Mode"},"sceneLighting":true,"audioPlay":false,"sceneViewState":{"showFog":true,"showMaterialUpdate":true,"showSkybox":true,"showFlares":true,"showImageEffects":true,"showParticleSystems":true},"in2DMode":false,"pivot":{"x":-0.4269065856933594,"y":-6.645985126495361,"z":224.63320922851563},"rotation":{"x":0.021896066144108774,"y":-0.004498735070228577,"z":0.0001001332129817456,"w":0.9997501373291016},"size":251.93235778808595,"orthographic":false}