{"cameraMode":{"drawMode":0,"name":"Shaded","section":"Shading Mode"},"sceneLighting":false,"audioPlay":false,"sceneViewState":{"showFog":true,"showMaterialUpdate":true,"showSkybox":true,"showFlares":true,"showImageEffects":true,"showParticleSystems":true},"in2DMode":false,"pivot":{"x":4.882652282714844,"y":2.455181121826172,"z":9.216266632080079},"rotation":{"x":-0.1750146746635437,"y":-0.5637944340705872,"z":0.1237124353647232,"w":-0.79762202501297},"size":4.041658401489258,"orthographic":false}