{"cameraMode":{"drawMode":0,"name":"Shaded","section":"Shading Mode"},"sceneLighting":true,"audioPlay":false,"sceneViewState":{"showFog":true,"showMaterialUpdate":true,"showSkybox":true,"showFlares":true,"showImageEffects":true,"showParticleSystems":true},"in2DMode":false,"pivot":{"x":48.67046356201172,"y":-10.760427474975586,"z":223.20425415039063},"rotation":{"x":0.03388776630163193,"y":0.014991020783782006,"z":-0.0005067568272352219,"w":0.9993131160736084},"size":434.93621826171877,"orthographic":false}