{"cameraMode":{"drawMode":0,"name":"Shaded","section":"Shading Mode"},"sceneLighting":true,"audioPlay":false,"sceneViewState":{"showFog":true,"showMaterialUpdate":true,"showSkybox":true,"showFlares":true,"showImageEffects":true,"showParticleSystems":true},"in2DMode":false,"pivot":{"x":-9.504188537597657,"y":-73.91338348388672,"z":213.5728759765625},"rotation":{"x":0.08218062669038773,"y":-0.24554650485515595,"z":0.020898189395666124,"w":0.9656689763069153},"size":268.47918701171877,"orthographic":false}