{"cameraMode":{"drawMode":0,"name":"Shaded","section":"Shading Mode"},"sceneLighting":true,"audioPlay":false,"sceneViewState":{"showFog":true,"showMaterialUpdate":true,"showSkybox":true,"showFlares":true,"showImageEffects":true,"showParticleSystems":true},"in2DMode":false,"pivot":{"x":-1.3219223022460938,"y":-59.5736083984375,"z":245.0987548828125},"rotation":{"x":-0.06888409703969956,"y":0.13722971081733704,"z":0.009568383917212487,"w":0.9880949258804321},"size":1116.8616943359375,"orthographic":false}