{"cameraMode":{"drawMode":0,"name":"Shaded","section":"Shading Mode"},"sceneLighting":true,"audioPlay":false,"sceneViewState":{"showFog":true,"showMaterialUpdate":true,"showSkybox":true,"showFlares":true,"showImageEffects":true,"showParticleSystems":true},"in2DMode":false,"pivot":{"x":63.38243103027344,"y":54.46614074707031,"z":230.54327392578126},"rotation":{"x":-0.006592896301299334,"y":-0.052474621683359149,"z":-0.00034483877243474126,"w":0.998600423336029},"size":517.4937744140625,"orthographic":false}