{"cameraMode":{"drawMode":0,"name":"Shaded","section":"Shading Mode"},"sceneLighting":true,"audioPlay":false,"sceneViewState":{"showFog":true,"showMaterialUpdate":true,"showSkybox":true,"showFlares":true,"showImageEffects":true,"showParticleSystems":true},"in2DMode":false,"pivot":{"x":-1.3219223022460938,"y":-59.5736083984375,"z":245.0987548828125},"rotation":{"x":-0.02004646137356758,"y":-0.0734189972281456,"z":-0.0014743631472811103,"w":0.9970986247062683},"size":443.1566162109375,"orthographic":false}