{"cameraMode":{"drawMode":0,"name":"Shaded","section":"Shading Mode"},"sceneLighting":true,"audioPlay":false,"sceneViewState":{"showFog":true,"showMaterialUpdate":true,"showSkybox":true,"showFlares":true,"showImageEffects":true,"showParticleSystems":true},"in2DMode":false,"pivot":{"x":0.0,"y":4.429999828338623,"z":-104.0999984741211},"rotation":{"x":-0.05583007633686066,"y":0.09271998703479767,"z":0.005208948161453009,"w":0.9941121339797974},"size":760.546142578125,"orthographic":false}