{"cameraMode":{"drawMode":0,"name":"Shaded","section":"Shading Mode"},"sceneLighting":true,"audioPlay":false,"sceneViewState":{"showFog":true,"showMaterialUpdate":true,"showSkybox":true,"showFlares":true,"showImageEffects":true,"showParticleSystems":true},"in2DMode":false,"pivot":{"x":-32.98587417602539,"y":15.680561065673829,"z":219.46844482421876},"rotation":{"x":-0.020019395276904107,"y":-0.08986029773950577,"z":-0.0018050138605758548,"w":0.9957515597343445},"size":268.6915588378906,"orthographic":false}