{"cameraMode":{"drawMode":0,"name":"Shaded","section":"Shading Mode"},"sceneLighting":true,"audioPlay":false,"sceneViewState":{"showFog":true,"showMaterialUpdate":true,"showSkybox":true,"showFlares":true,"showImageEffects":true,"showParticleSystems":true},"in2DMode":false,"pivot":{"x":-20.405670166015626,"y":25.19219970703125,"z":221.37164306640626},"rotation":{"x":-0.020019395276904107,"y":-0.08986029773950577,"z":-0.0018050138605758548,"w":0.9957515597343445},"size":557.9437255859375,"orthographic":false}