{"cameraMode":{"drawMode":0,"name":"Shaded","section":"Shading Mode"},"sceneLighting":true,"audioPlay":false,"sceneViewState":{"showFog":true,"showMaterialUpdate":true,"showSkybox":true,"showFlares":true,"showImageEffects":true,"showParticleSystems":true},"in2DMode":false,"pivot":{"x":293.123291015625,"y":-74.99993896484375,"z":1450.76318359375},"rotation":{"x":0.20105798542499543,"y":0.49858522415161135,"z":-0.12011035531759262,"w":0.8346028923988342},"size":4425.1279296875,"orthographic":false}