{"cameraMode":{"drawMode":0,"name":"Shaded","section":"Shading Mode"},"sceneLighting":true,"audioPlay":false,"sceneViewState":{"showFog":true,"showMaterialUpdate":true,"showSkybox":true,"showFlares":true,"showImageEffects":true,"showParticleSystems":true},"in2DMode":false,"pivot":{"x":0.00007736682891845703,"y":1.0001742839813233,"z":-0.000033229589462280273},"rotation":{"x":0.05807523429393768,"y":0.6019930839538574,"z":-0.0439540334045887,"w":0.7951726913452148},"size":516.7205810546875,"orthographic":false}